{
  "n_rows": 100,
  "n_features": 3,
  "positive_rate": 0.5,
  "threshold": 0.5,
  "age_group_thresholds": {
    "adult": 0.1,
    "senior": 0.47
  },
  "accuracy": 0.4,
  "balanced_accuracy": 0.40064102564102566,
  "precision": 0.4166666666666667,
  "recall": 0.38461538461538464,
  "f1": 0.4,
  "roc_auc": 0.34615384615384615,
  "pr_auc": 0.4866772358076706,
  "confusion_matrix": {
    "tn": 5,
    "fp": 7,
    "fn": 8,
    "tp": 5
  },
  "feature_names": [
    "age_years",
    "heart_rate",
    "bp_systolic"
  ]
}